{
  "project_info": {
    "project_number": "762630810859",
    "project_id": "kutumb-9ccff",
    "storage_bucket": "kutumb-9ccff.appspot.com"
  },
  "client": [
    {
      "client_info": {
        "mobilesdk_app_id": "1:762630810859:android:709e984e093a9be308e2ae",
        "android_client_info": {
          "package_name": "com.example.kutumb"
        }
      },
      "oauth_client": [
        {
          "client_id": "762630810859-lfhaf6fhcp812hmj5hnn8o4v27e7jmof.apps.googleusercontent.com",
          "client_type": 3
        }
      ],
      "api_key": [
        {
          "current_key": "AIzaSyAzxIzAEloRhiWgmKW8nDqrIhD4jiGA58c"
        }
      ],
      "services": {
        "appinvite_service": {
          "other_platform_oauth_client": [
            {
              "client_id": "762630810859-lfhaf6fhcp812hmj5hnn8o4v27e7jmof.apps.googleusercontent.com",
              "client_type": 3
            }
          ]
        }
      }
    }
  ],
  "configuration_version": "1"
}